trade_id,opt_type,strike,delta,iv,spot,price,quality,ref_strike,ref_delta
1,CE,14850,0.3979,0.199,14431.05,274.7,FFILL,15100,
1,PE,14300,0.404,0.244,14431.05,376.85,EXACT,13800,
2,CE,15550,0.3902,0.1844,15117.15,260.0,FFILL,15700,
2,PE,15000,0.4078,0.2344,15117.15,383.75,EXACT,14500,
3,CE,15200,0.4054,0.1978,14793.15,287.6,EXACT,15500,
3,PE,14650,0.3935,0.2179,14793.15,330.0,FFILL,14300,
4,CE,14800,0.4113,0.1944,14424.2,281.6,EXACT,15100,
4,PE,14300,0.4007,0.2235,14424.2,339.25,EXACT,14000,
5,CE,15300,0.4065,0.1722,14934.15,255.0,FFILL,15500,
5,PE,14800,0.3926,0.2052,14934.15,311.8,FFILL,14500,
6,CE,16000,0.4068,0.1174,15704.6,185.0,EXACT,16100,0.3471
6,PE,15650,0.4041,0.1516,15704.6,250.0,FFILL,15400,
7,CE,16100,0.3692,0.1018,15771.05,140.65,FFILL,16100,0.3692
7,PE,15700,0.3894,0.1392,15771.05,217.8,FFILL,15500,
8,CE,16850,0.394,0.0858,16572.25,137.1,FFILL,16900,0.3589
8,PE,16500,0.3909,0.1399,16572.25,231.25,EXACT,16200,
9,CE,17650,0.3889,0.1027,17319.6,167.85,FFILL,17750,0.3331
9,PE,17250,0.3968,0.1453,17319.6,256.8,FFILL,16950,
10,CE,18400,0.3958,0.1305,18013.5,226.1,EXACT,18500,0.3507
10,PE,17900,0.3962,0.1758,18013.5,324.7,EXACT,17550,
11,CE,18500,0.4058,0.1222,18147.85,221.45,EXACT,18700,
11,PE,18100,0.4077,0.1463,18147.85,282.05,EXACT,17750,
12,CE,17950,0.392,0.1301,17565.7,216.8,FFILL,18100,0.3202
12,PE,17500,0.4036,0.1545,17565.7,284.5,EXACT,17200,
13,CE,18400,0.4013,0.1631,17962.85,285.65,FFILL,18650,
13,PE,17850,0.404,0.1955,17962.85,372.05,EXACT,17450,
14,CE,17500,0.3872,0.1759,17022.0,276.7,EXACT,17700,
14,PE,16900,0.4046,0.2121,17022.0,384.45,EXACT,16500,
15,CE,17200,0.4063,0.2074,16725.0,341.3,EXACT,17500,
15,PE,16550,0.4029,0.2647,16725.0,473.7,FFILL,16000,
16,CE,18100,0.4085,0.1613,17692.35,285.6,EXACT,18300,
16,PE,17600,0.4096,0.1941,17692.35,371.0,FFILL,17200,
17,CE,16400,0.3832,0.1821,15929.1,263.8,EXACT,16500,0.3462
17,PE,15800,0.408,0.2419,15929.1,418.15,FFILL,15300,
18,CE,16250,0.3938,0.183,15809.95,273.5,FFILL,16450,
18,PE,15650,0.3949,0.2286,15809.95,372.75,FFILL,15250,
19,CE,16550,0.3932,0.152,16158.0,233.1,FFILL,16700,0.3307
19,PE,16000,0.3906,0.2112,16158.0,345.1,EXACT,15600,
20,CE,18200,0.4054,0.1381,17830.35,242.2,EXACT,18400,
20,PE,17750,0.4057,0.1703,17830.35,318.15,FFILL,17400,
21,CE,18400,0.3845,0.1437,17960.55,237.5,EXACT,18500,0.3429
21,PE,17900,0.4162,0.1805,17960.55,357.6,EXACT,17500,
22,CE,17500,0.4187,0.1645,17126.15,292.0,EXACT,17800,
22,PE,17000,0.4029,0.2102,17126.15,381.0,FFILL,16500,
23,CE,18700,0.4103,0.1268,18345.1,236.0,EXACT,18900,
23,PE,18300,0.4054,0.1389,18345.1,268.0,EXACT,18000,
25,CE,18500,0.399,0.1404,18099.3,246.8,EXACT,18700,
25,PE,18050,0.4104,0.1535,18099.3,298.55,FFILL,17750,
26,CE,18150,0.3862,0.1144,17787.65,187.5,FFILL,18300,
26,PE,17750,0.4037,0.1298,17787.65,238.2,FFILL,17500,
27,CE,17750,0.4001,0.1182,17408.25,201.6,EXACT,17900,0.3241
27,PE,17350,0.3972,0.137,17408.25,243.35,EXACT,17100,
28,CE,18000,0.3739,0.1037,17635.75,163.0,EXACT,18100,0.3134
28,PE,17600,0.3988,0.1219,17635.75,220.0,EXACT,17300,
29,CE,18700,0.4115,0.0984,18401.1,183.55,EXACT,18800,0.3503
29,PE,18350,0.4004,0.1337,18401.1,251.0,EXACT,18050,
30,CE,18900,0.4259,0.1038,18608.7,207.75,EXACT,19100,0.3042
30,PE,18600,0.4038,0.1077,18608.7,208.2,EXACT,18400,
31,CE,19950,0.4035,0.0963,19615.75,188.15,EXACT,20100,0.3143
31,PE,19600,0.4032,0.1115,19615.75,227.0,EXACT,19350,
32,CE,19650,0.4139,0.1069,19320.1,213.0,EXACT,19800,0.3324
32,PE,19300,0.4023,0.1135,19320.1,227.0,EXACT,19100,
33,CE,20300,0.3877,0.0922,19941.25,173.0,EXACT,20300,0.3877
33,PE,19950,0.4091,0.102,19941.25,215.25,EXACT,19700,
34,CE,20100,0.3855,0.095,19734.85,175.0,EXACT,20200,0.3269
34,PE,19700,0.3912,0.1085,19734.85,212.55,EXACT,19500,
35,CE,19750,0.4078,0.0992,19421.05,194.7,EXACT,19900,0.3226
35,PE,19400,0.394,0.1035,19421.05,201.45,EXACT,19200,
36,CE,21400,0.4109,0.118,21012.75,252.4,EXACT,21600,
36,PE,21000,0.4053,0.1118,21012.75,245.7,EXACT,20750,
37,CE,22500,0.3951,0.1243,22040.35,263.15,EXACT,22750,
37,PE,22000,0.4078,0.134,22040.35,313.05,EXACT,21600,
38,CE,22200,0.407,0.1483,21724.0,321.55,EXACT,22500,
38,PE,21650,0.4007,0.1439,21724.0,323.65,EXACT,21350,
39,CE,22900,0.4054,0.1433,22415.6,319.0,EXACT,23200,
39,PE,22350,0.3989,0.1342,22415.6,308.75,EXACT,22100,
40,CE,22800,0.4053,0.1197,22370.45,267.05,EXACT,23100,
40,PE,22350,0.4013,0.1105,22370.45,254.7,EXACT,22100,
41,CE,22550,0.4038,0.2031,21927.2,434.65,EXACT,23000,
41,PE,21750,0.4,0.2129,21927.2,489.0,EXACT,21300,
42,CE,23850,0.397,0.1344,23342.45,303.0,EXACT,24100,
42,PE,23250,0.4042,0.1592,23342.45,390.95,FFILL,22800,
43,CE,25050,0.4091,0.1215,24583.85,301.95,EXACT,25300,
43,PE,24500,0.3995,0.1419,24583.85,359.45,EXACT,24100,
44,CE,24950,0.3962,0.1214,24450.95,286.6,EXACT,25200,
44,PE,24350,0.3955,0.1446,24450.95,359.05,EXACT,24000,
45,CE,25850,0.4086,0.112,25390.55,287.5,EXACT,26050,
45,PE,25350,0.4062,0.1276,25390.55,341.2,EXACT,25000,
46,CE,25600,0.4129,0.1316,25110.3,338.0,EXACT,26000,
46,PE,25050,0.4016,0.1313,25110.3,341.6,EXACT,24700,
47,CE,24800,0.4066,0.1257,24321.75,306.15,EXACT,25100,
47,PE,24250,0.395,0.1282,24321.75,315.1,EXACT,23900,
48,CE,25150,0.4082,0.138,24639.7,341.6,EXACT,25500,
48,PE,24600,0.408,0.1309,24639.7,341.8,EXACT,24200,
49,CE,23850,0.3959,0.1547,23287.0,345.0,EXACT,24100,
49,PE,23200,0.407,0.162,23287.0,401.0,EXACT,22800,
50,CE,23900,0.3995,0.1365,23393.4,310.95,EXACT,24200,
50,PE,23350,0.4089,0.1364,23393.4,339.7,EXACT,23000,
51,CE,23100,0.3997,0.1315,22622.9,290.25,EXACT,23400,
51,PE,22550,0.3955,0.1326,22622.9,304.0,EXACT,22200,
52,CE,23800,0.4015,0.14,23300.7,316.45,EXACT,24100,
52,PE,23200,0.4008,0.1566,23300.7,374.55,EXACT,22800,
53,CE,25250,0.3965,0.1369,24704.55,325.7,EXACT,25550,
53,PE,24600,0.399,0.1524,24704.55,388.0,EXACT,24200,
54,CE,25400,0.4119,0.1344,24904.75,340.9,EXACT,25700,
54,PE,24800,0.3959,0.1462,24904.75,370.45,EXACT,24400,
55,CE,25550,0.3945,0.1125,25058.6,270.95,EXACT,25800,
55,PE,25000,0.3953,0.1209,25058.6,306.0,EXACT,24700,
56,CE,25400,0.4085,0.111,24965.7,273.95,EXACT,25700,
56,PE,24950,0.4072,0.1122,24965.7,288.3,EXACT,24600,
57,CE,25500,0.3978,0.0978,25071.1,233.85,EXACT,25750,
57,PE,25050,0.3936,0.098,25071.1,240.0,EXACT,24800,
58,CE,25650,0.3898,0.1026,25187.75,239.3,EXACT,25900,
58,PE,25150,0.392,0.1043,25187.75,255.35,EXACT,24900,
59,CE,26400,0.4085,0.1121,25945.9,287.5,EXACT,26700,
59,PE,25950,0.4074,0.1009,25945.9,269.0,EXACT,25700,
60,CE,26400,0.4102,0.1003,25978.1,259.65,EXACT,26700,
60,PE,25950,0.39,0.0971,25978.1,243.1,EXACT,25700,
61,CE,26000,0.4048,0.119,25526.15,296.0,EXACT,26300,
61,PE,25500,0.4012,0.1094,25526.15,281.0,EXACT,25200,
62,CE,26000,0.3943,0.1105,25528.75,262.05,EXACT,26200,
62,PE,25500,0.4044,0.1142,25528.75,293.45,EXACT,25200,
63,CE,24350,0.4002,0.1777,23748.75,399.9,EXACT,24700,
63,PE,23550,0.3948,0.2016,23748.75,479.35,EXACT,23100,
64,CE,24050,0.3959,0.1611,23483.3,354.05,EXACT,24300,
64,PE,23300,0.3956,0.1953,23483.3,460.0,EXACT,22800,
65,CE,24400,0.4083,0.1187,23965.05,280.7,EXACT,24600,
65,PE,23900,0.4045,0.1389,23965.05,340.9,EXACT,23500,
66,CE,24600,0.3928,0.1112,24141.15,250.85,EXACT,24800,
66,PE,24050,0.3947,0.137,24141.15,326.85,EXACT,23700,
67,CE,24650,0.4061,0.1048,24236.8,249.35,EXACT,24900,
67,PE,24200,0.3927,0.1054,24236.8,248.9,EXACT,24000,
