trade_id,side,opt_type,strike,expiry,entry_dt,exit_dt,entry_px,exit_px
1901,BUY,PE,10250,2019-02-28,2019-01-14 11:16,,,
1901,SELL,CE,11150,2019-02-28,2019-01-14 11:16,,,
1901,BUY,CE,11450,2019-02-28,2019-01-14 11:16,,,
1901,SELL,PE,10550,2019-02-28,2019-01-14 11:16,,,
1902,BUY,PE,10400,2019-03-28,2019-02-11 11:16,,,
1902,SELL,CE,11300,2019-03-28,2019-02-11 11:16,,,
1902,BUY,CE,11600,2019-03-28,2019-02-11 11:16,,,
1902,SELL,PE,10700,2019-03-28,2019-02-11 11:16,,,
1903,BUY,PE,10500,2019-04-25,2019-03-11 11:16,,,
1903,SELL,CE,11400,2019-04-25,2019-03-11 11:16,,,
1903,BUY,CE,11700,2019-04-25,2019-03-11 11:16,,,
1903,SELL,PE,10800,2019-04-25,2019-03-11 11:16,,,
1904,BUY,PE,10950,2019-05-30,2019-04-15 11:16,,,
1904,SELL,CE,12150,2019-05-30,2019-04-15 11:16,,,
1904,BUY,CE,12450,2019-05-30,2019-04-15 11:16,,,
1904,SELL,PE,11250,2019-05-30,2019-04-15 11:16,,,
1905,BUY,PE,10500,2019-06-27,2019-05-13 11:16,,,
1905,SELL,CE,11900,2019-06-27,2019-05-13 11:16,,,
1905,BUY,CE,12200,2019-06-27,2019-05-13 11:16,,,
1905,SELL,PE,10800,2019-06-27,2019-05-13 11:16,,,
1906,BUY,PE,11300,2019-07-25,2019-06-10 11:16,,,
1906,SELL,CE,12250,2019-07-25,2019-06-10 11:16,,,
1906,BUY,CE,12550,2019-07-25,2019-06-10 11:16,,,
1906,SELL,PE,11600,2019-07-25,2019-06-10 11:16,,,
1907,BUY,PE,11050,2019-08-29,2019-07-15 11:16,,,
1907,SELL,CE,11850,2019-08-29,2019-07-15 11:16,,,
1907,BUY,CE,12150,2019-08-29,2019-07-15 11:16,,,
1907,SELL,PE,11350,2019-08-29,2019-07-15 11:16,,,
1908,BUY,PE,10550,2019-09-26,2019-08-13 11:16,,,
1908,SELL,CE,11500,2019-09-26,2019-08-13 11:16,,,
1908,BUY,CE,11800,2019-09-26,2019-08-13 11:16,,,
1908,SELL,PE,10850,2019-09-26,2019-08-13 11:16,,,
1909,BUY,PE,10550,2019-10-31,2019-09-16 11:16,,,
1909,SELL,CE,11450,2019-10-31,2019-09-16 11:16,,,
1909,BUY,CE,11750,2019-10-31,2019-09-16 11:16,,,
1909,SELL,PE,10850,2019-10-31,2019-09-16 11:16,,,
1910,BUY,PE,10700,2019-11-28,2019-10-14 11:16,,,
1910,SELL,CE,11700,2019-11-28,2019-10-14 11:16,,,
1910,BUY,CE,12000,2019-11-28,2019-10-14 11:16,,,
1910,SELL,PE,11000,2019-11-28,2019-10-14 11:16,,,
1911,BUY,PE,11350,2019-12-26,2019-11-11 11:16,,,
1911,SELL,CE,12300,2019-12-26,2019-11-11 11:16,,,
1911,BUY,CE,12600,2019-12-26,2019-11-11 11:16,,,
1911,SELL,PE,11650,2019-12-26,2019-11-11 11:16,,,
1912,BUY,PE,11550,2020-01-30,2019-12-16 11:16,,,
1912,SELL,CE,12450,2020-01-30,2019-12-16 11:16,,,
1912,BUY,CE,12750,2020-01-30,2019-12-16 11:16,,,
1912,SELL,PE,11850,2020-01-30,2019-12-16 11:16,,,
2001,BUY,PE,11700,2020-02-27,2020-01-13 11:16,,,
2001,SELL,CE,12650,2020-02-27,2020-01-13 11:16,,,
2001,BUY,CE,12950,2020-02-27,2020-01-13 11:16,,,
2001,SELL,PE,12000,2020-02-27,2020-01-13 11:16,,,
2002,BUY,PE,11550,2020-03-26,2020-02-10 11:16,,,
2002,SELL,CE,12450,2020-03-26,2020-02-10 11:16,,,
2002,BUY,CE,12750,2020-03-26,2020-02-10 11:16,,,
2002,SELL,PE,11850,2020-03-26,2020-02-10 11:16,,,
2003,BUY,PE,8900,2020-04-30,2020-03-16 11:16,,,
2003,SELL,CE,11000,2020-04-30,2020-03-16 11:16,,,
2003,BUY,CE,11300,2020-04-30,2020-03-16 11:16,,,
2003,SELL,PE,9200,2020-04-30,2020-03-16 11:16,,,
2004,BUY,PE,8150,2020-05-28,2020-04-13 11:16,,,
2004,SELL,CE,10050,2020-05-28,2020-04-13 11:16,,,
2004,BUY,CE,10350,2020-05-28,2020-04-13 11:16,,,
2004,SELL,PE,8450,2020-05-28,2020-04-13 11:16,,,
2005,BUY,PE,8400,2020-06-25,2020-05-11 11:16,,,
2005,SELL,CE,9950,2020-06-25,2020-05-11 11:16,,,
2005,BUY,CE,10250,2020-06-25,2020-05-11 11:16,,,
2005,SELL,PE,8700,2020-06-25,2020-05-11 11:16,,,
2006,BUY,PE,9200,2020-07-30,2020-06-15 11:16,,,
2006,SELL,CE,10600,2020-07-30,2020-06-15 11:16,,,
2006,BUY,CE,10900,2020-07-30,2020-06-15 11:16,,,
2006,SELL,PE,9500,2020-07-30,2020-06-15 11:16,,,
2007,BUY,PE,10050,2020-08-27,2020-07-13 11:16,,,
2007,SELL,CE,11300,2020-08-27,2020-07-13 11:16,,,
2007,BUY,CE,11600,2020-08-27,2020-07-13 11:16,,,
2007,SELL,PE,10350,2020-08-27,2020-07-13 11:16,,,
2008,BUY,PE,10500,2020-09-24,2020-08-10 11:16,,,
2008,SELL,CE,11750,2020-09-24,2020-08-10 11:16,,,
2008,BUY,CE,12050,2020-09-24,2020-08-10 11:16,,,
2008,SELL,PE,10800,2020-09-24,2020-08-10 11:16,,,
2009,BUY,PE,10800,2020-10-29,2020-09-14 11:16,,,
2009,SELL,CE,11950,2020-10-29,2020-09-14 11:16,,,
2009,BUY,CE,12250,2020-10-29,2020-09-14 11:16,,,
2009,SELL,PE,11100,2020-10-29,2020-09-14 11:16,,,
2010,BUY,PE,11250,2020-11-26,2020-10-12 11:16,,,
2010,SELL,CE,12450,2020-11-26,2020-10-12 11:16,,,
2010,BUY,CE,12750,2020-11-26,2020-10-12 11:16,,,
2010,SELL,PE,11550,2020-11-26,2020-10-12 11:16,,,
2011,BUY,PE,12100,2020-12-31,2020-11-17 11:16,,,
2011,SELL,CE,13300,2020-12-31,2020-11-17 11:16,,,
2011,BUY,CE,13600,2020-12-31,2020-11-17 11:16,,,
2011,SELL,PE,12400,2020-12-31,2020-11-17 11:16,,,
2012,BUY,PE,12800,2021-01-28,2020-12-14 11:16,,,
2012,SELL,CE,14050,2021-01-28,2020-12-14 11:16,,,
2012,BUY,CE,14350,2021-01-28,2020-12-14 11:16,,,
2012,SELL,PE,13100,2021-01-28,2020-12-14 11:16,,,
