trade_id,side,opt_type,strike,expiry,entry_dt,exit_dt,entry_px,exit_px
1,BUY,PE,13600,2021-02-25,2021-01-11 11:16,2021-02-10 15:16,168.7,16.6
1,SELL,CE,15100,2021-02-25,2021-01-11 11:16,2021-02-10 15:16,199.1,256.2
1,BUY,CE,15300,2021-02-25,2021-01-11 11:16,2021-02-10 15:16,147.3,155.3
1,SELL,PE,13800,2021-02-25,2021-01-11 11:16,2021-02-10 15:16,217.4,22.6
2,SELL,PE,14500,2021-03-25,2021-02-08 11:16,2021-03-10 15:16,237.0,63.6
2,BUY,PE,14300,2021-03-25,2021-02-08 11:16,2021-03-10 15:16,195.1,42.1
2,SELL,CE,15700,2021-03-25,2021-02-08 11:16,2021-03-10 15:16,206.0,62.0
2,BUY,CE,15900,2021-03-25,2021-02-08 11:16,2021-03-10 15:16,145.1,29.7
3,SELL,PE,14300,2021-04-29,2021-03-15 11:16,2021-04-09 15:16,216.6,95.5
3,BUY,PE,14100,2021-04-29,2021-03-15 11:16,2021-04-09 15:16,168.2,67.0
3,SELL,CE,15500,2021-04-29,2021-03-15 11:16,2021-04-09 15:16,184.0,40.8
3,BUY,CE,15700,2021-04-29,2021-03-15 11:16,2021-04-09 15:16,129.0,17.7
4,SELL,PE,14000,2021-05-27,2021-04-12 11:16,2021-05-12 15:16,236.0,45.6
4,BUY,PE,13800,2021-05-27,2021-04-12 11:16,2021-05-12 15:16,178.8,27.1
4,SELL,CE,15100,2021-05-27,2021-04-12 11:16,2021-05-12 15:16,179.2,72.5
4,BUY,CE,15300,2021-05-27,2021-04-12 11:16,2021-05-12 15:16,123.3,33.4
5,SELL,PE,14500,2021-06-24,2021-05-10 11:16,2021-06-09 15:16,214.5,8.9
5,BUY,PE,14300,2021-06-24,2021-05-10 11:16,2021-06-09 15:16,165.8,5.7
5,SELL,CE,15500,2021-06-24,2021-05-10 11:16,2021-06-09 15:16,175.1,272.2
5,BUY,CE,15700,2021-06-24,2021-05-10 11:16,2021-06-09 15:16,113.8,152.2
6,SELL,PE,15400,2021-07-29,2021-06-14 11:16,2021-07-09 15:16,164.9,70.1
6,BUY,PE,15200,2021-07-29,2021-06-14 11:16,2021-07-09 15:16,114.2,38.7
6,SELL,CE,16100,2021-07-29,2021-06-14 11:16,2021-07-09 15:16,144.8,39.1
6,BUY,CE,16300,2021-07-29,2021-06-14 11:16,2021-07-09 15:16,84.3,15.6
7,SELL,PE,15500,2021-08-26,2021-07-12 11:16,2021-08-11 15:16,153.1,12.8
7,BUY,PE,15300,2021-08-26,2021-07-12 11:16,2021-08-11 15:16,102.5,6.9
7,SELL,CE,16100,2021-08-26,2021-07-12 11:16,2021-08-11 15:16,140.7,262.3
7,BUY,CE,16300,2021-08-26,2021-07-12 11:16,2021-08-11 15:16,74.0,134.3
8,SELL,PE,16200,2021-09-30,2021-08-16 11:16,2021-09-15 15:16,135.9,9.8
8,BUY,PE,16000,2021-09-30,2021-08-16 11:16,2021-09-15 15:16,95.0,8.9
8,SELL,CE,16900,2021-09-30,2021-08-16 11:16,2021-09-15 15:16,122.7,661.5
8,BUY,CE,17100,2021-09-30,2021-08-16 11:16,2021-09-15 15:16,70.0,475.0
9,SELL,PE,16950,2021-10-28,2021-09-13 11:16,2021-10-13 15:16,160.4,18.4
9,BUY,PE,16750,2021-10-28,2021-09-13 11:16,2021-10-13 15:16,117.1,15.8
9,SELL,CE,17750,2021-10-28,2021-09-13 11:16,2021-10-13 15:16,136.9,502.4
9,BUY,CE,17950,2021-10-28,2021-09-13 11:16,2021-10-13 15:16,86.0,342.4
10,BUY,PE,17350,2021-11-25,2021-10-11 11:16,2021-11-09 15:16,153.6,34.2
10,SELL,CE,18500,2021-11-25,2021-10-11 11:16,2021-11-09 15:16,189.9,66.5
10,BUY,CE,18700,2021-11-25,2021-10-11 11:16,2021-11-09 15:16,131.0,33.6
10,SELL,PE,17550,2021-11-25,2021-10-11 11:16,2021-11-09 15:16,211.8,58.2
11,BUY,PE,17550,2021-12-30,2021-11-15 11:16,2021-12-15 15:16,121.5,403.6
11,SELL,CE,18700,2021-12-30,2021-11-15 11:16,2021-12-15 15:16,147.1,4.8
11,BUY,CE,18900,2021-12-30,2021-11-15 11:16,2021-12-15 15:16,94.7,4.1
11,SELL,PE,17750,2021-12-30,2021-11-15 11:16,2021-12-15 15:16,167.3,550.0
12,SELL,PE,17200,2022-01-27,2021-12-13 11:16,2022-01-12 15:16,185.5,20.9
12,BUY,PE,17000,2022-01-27,2021-12-13 11:16,2022-01-12 15:16,140.1,14.9
12,SELL,CE,18100,2022-01-27,2021-12-13 11:16,2022-01-12 15:16,159.8,297.1
12,BUY,CE,18300,2022-01-27,2021-12-13 11:16,2022-01-12 15:16,103.3,182.0
13,BUY,PE,17250,2022-02-24,2022-01-10 11:16,2022-02-09 15:16,186.7,134.8
13,SELL,CE,18650,2022-02-24,2022-01-10 11:16,2022-02-09 15:16,197.3,8.1
13,BUY,CE,18850,2022-02-24,2022-01-10 11:16,2022-02-09 15:16,144.2,5.8
13,SELL,PE,17450,2022-02-24,2022-01-10 11:16,2022-02-09 15:16,236.4,214.6
14,SELL,PE,16500,2022-03-31,2022-02-14 11:16,2022-03-16 15:16,254.5,162.1
14,BUY,PE,16300,2022-03-31,2022-02-14 11:16,2022-03-16 15:16,199.3,119.8
14,SELL,CE,17700,2022-03-31,2022-02-14 11:16,2022-03-16 15:16,203.0,74.3
14,BUY,CE,17900,2022-03-31,2022-02-14 11:16,2022-03-16 15:16,149.7,41.4
15,SELL,PE,16000,2022-04-28,2022-03-14 11:16,2022-04-13 15:16,299.6,8.1
15,BUY,PE,15800,2022-04-28,2022-03-14 11:16,2022-04-13 15:16,259.6,6.5
15,SELL,CE,17500,2022-04-28,2022-03-14 11:16,2022-04-13 15:16,228.0,225.8
15,BUY,CE,17700,2022-04-28,2022-03-14 11:16,2022-04-13 15:16,169.9,131.8
16,SELL,PE,17200,2022-05-26,2022-04-11 11:16,2022-05-11 15:16,236.7,1049.8
16,BUY,PE,17000,2022-05-26,2022-04-11 11:16,2022-05-11 15:16,187.4,862.9
16,SELL,CE,18300,2022-05-26,2022-04-11 11:16,2022-05-11 15:16,208.4,4.2
16,BUY,CE,18500,2022-05-26,2022-04-11 11:16,2022-05-11 15:16,154.0,3.7
17,SELL,PE,15300,2022-06-30,2022-05-16 11:16,2022-06-15 15:16,249.7,141.3
17,BUY,PE,15100,2022-06-30,2022-05-16 11:16,2022-06-15 15:16,199.5,96.7
17,SELL,CE,16500,2022-06-30,2022-05-16 11:16,2022-06-15 15:16,227.0,41.1
17,BUY,CE,16700,2022-06-30,2022-05-16 11:16,2022-06-15 15:16,166.2,22.9
18,SELL,PE,15250,2022-07-28,2022-06-13 11:16,2022-07-13 15:16,236.3,45.9
18,BUY,PE,15050,2022-07-28,2022-06-13 11:16,2022-07-13 15:16,186.1,29.2
18,SELL,CE,16450,2022-07-28,2022-06-13 11:16,2022-07-13 15:16,201.0,55.1
18,BUY,CE,16650,2022-07-28,2022-06-13 11:16,2022-07-13 15:16,147.8,24.6
19,SELL,PE,15600,2022-08-25,2022-07-11 11:16,2022-08-10 15:16,212.9,6.7
19,BUY,PE,15400,2022-08-25,2022-07-11 11:16,2022-08-10 15:16,165.7,5.7
19,SELL,CE,16700,2022-08-25,2022-07-11 11:16,2022-08-10 15:16,183.3,906.3
19,BUY,CE,16900,2022-08-25,2022-07-11 11:16,2022-08-10 15:16,126.4,719.5
20,SELL,PE,17400,2022-09-29,2022-08-16 11:16,2022-09-14 15:16,217.6,75.2
20,BUY,PE,17200,2022-09-29,2022-08-16 11:16,2022-09-14 15:16,173.0,48.5
20,SELL,CE,18400,2022-09-29,2022-08-16 11:16,2022-09-14 15:16,166.6,89.8
20,BUY,CE,18600,2022-09-29,2022-08-16 11:16,2022-09-14 15:16,107.7,46.0
21,SELL,PE,17500,2022-10-27,2022-09-12 11:16,2022-10-12 15:16,226.6,504.0
21,BUY,PE,17300,2022-10-27,2022-09-12 11:16,2022-10-12 15:16,175.5,374.6
21,SELL,CE,18500,2022-10-27,2022-09-12 11:16,2022-10-12 15:16,200.0,5.5
21,BUY,CE,18700,2022-10-27,2022-09-12 11:16,2022-10-12 15:16,137.6,4.0
22,BUY,PE,16300,2022-11-24,2022-10-10 11:16,2022-11-09 15:16,171.0,3.1
22,SELL,CE,17800,2022-11-24,2022-10-10 11:16,2022-11-09 15:16,186.0,495.0
22,BUY,CE,18000,2022-11-24,2022-10-10 11:16,2022-11-09 15:16,133.6,351.9
22,SELL,PE,16500,2022-11-24,2022-10-10 11:16,2022-11-09 15:16,217.9,4.1
23,BUY,PE,17800,2022-12-29,2022-11-14 11:16,2022-12-12 15:16,127.4,20.8
23,SELL,CE,18900,2022-12-29,2022-11-14 11:16,2022-12-12 15:16,157.0,65.8
23,BUY,CE,19100,2022-12-29,2022-11-14 11:16,2022-12-12 15:16,99.5,26.4
23,SELL,PE,18000,2022-12-29,2022-11-14 11:16,2022-12-12 15:16,175.1,35.9
24,SELL,PE,18300,2023-01-25,2022-12-12 11:16,2023-01-10 15:16,169.8,392.0
24,BUY,PE,18100,2023-01-25,2022-12-12 11:16,2023-01-10 15:16,121.5,260.7
24,SELL,CE,19100,2023-01-25,2022-12-12 11:16,2023-01-10 15:16,149.9,7.2
24,BUY,CE,19300,2023-01-25,2022-12-12 11:16,2023-01-10 15:16,91.0,5.8
25,BUY,PE,17550,2023-02-23,2023-01-09 11:16,2023-02-08 15:16,151.0,65.0
25,SELL,CE,18700,2023-02-23,2023-01-09 11:16,2023-02-08 15:16,169.9,5.3
25,BUY,CE,18900,2023-02-23,2023-01-09 11:16,2023-02-08 15:16,107.0,3.8
25,SELL,PE,17750,2023-02-23,2023-01-09 11:16,2023-02-08 15:16,199.9,113.8
26,SELL,PE,17500,2023-03-29,2023-02-13 11:16,2023-03-06 15:16,157.9,93.3
26,BUY,PE,17300,2023-03-29,2023-02-13 11:16,2023-03-06 15:16,110.0,56.2
26,SELL,CE,18300,2023-03-29,2023-02-13 11:16,2023-03-06 15:16,132.7,24.1
26,BUY,CE,18500,2023-03-29,2023-02-13 11:16,2023-03-06 15:16,77.5,10.8
27,SELL,PE,17100,2023-04-27,2023-03-13 11:16,2023-04-12 15:16,162.0,17.3
27,BUY,PE,16900,2023-04-27,2023-03-13 11:16,2023-04-12 15:16,117.2,12.8
27,SELL,CE,17900,2023-04-27,2023-03-13 11:16,2023-04-12 15:16,148.9,123.8
27,BUY,CE,18100,2023-04-27,2023-03-13 11:16,2023-04-12 15:16,91.5,48.0
28,SELL,PE,17300,2023-05-25,2023-04-10 11:16,2023-05-10 15:16,139.8,10.7
28,BUY,PE,17100,2023-05-25,2023-04-10 11:16,2023-05-10 15:16,102.3,8.1
28,SELL,CE,18100,2023-05-25,2023-04-10 11:16,2023-05-10 15:16,124.9,316.9
28,BUY,CE,18300,2023-05-25,2023-04-10 11:16,2023-05-10 15:16,70.85,179.8
29,SELL,PE,18050,2023-06-28,2023-05-15 11:16,2023-06-13 15:16,162.5,16.6
29,BUY,PE,17850,2023-06-28,2023-05-15 11:16,2023-06-13 15:16,114.8,11.15
29,SELL,CE,18800,2023-06-28,2023-05-15 11:16,2023-06-13 15:16,144.0,131.6
29,BUY,CE,19000,2023-06-28,2023-05-15 11:16,2023-06-13 15:16,85.3,51.2
30,SELL,PE,18400,2023-07-27,2023-06-12 11:16,2023-07-12 15:16,143.0,8.3
30,BUY,PE,18200,2023-07-27,2023-06-12 11:16,2023-07-12 15:16,96.4,5.8
30,SELL,CE,19100,2023-07-27,2023-06-12 11:16,2023-07-12 15:16,120.7,403.3
30,BUY,CE,19300,2023-07-27,2023-06-12 11:16,2023-07-12 15:16,63.1,246.9
31,BUY,PE,19150,2023-08-31,2023-07-17 11:16,2023-08-09 15:16,103.0,36.5
31,SELL,CE,20100,2023-08-31,2023-07-17 11:16,2023-08-09 15:16,129.1,37.5
31,BUY,CE,20300,2023-08-31,2023-07-17 11:16,2023-08-09 15:16,72.3,17.3
31,SELL,PE,19350,2023-08-31,2023-07-17 11:16,2023-08-09 15:16,147.7,66.7
32,SELL,PE,19100,2023-09-28,2023-08-14 11:16,2023-09-13 15:16,164.6,20.3
32,BUY,PE,18900,2023-09-28,2023-08-14 11:16,2023-09-13 15:16,112.8,15.3
32,SELL,CE,19800,2023-09-28,2023-08-14 11:16,2023-09-13 15:16,151.7,388.0
32,BUY,CE,20000,2023-09-28,2023-08-14 11:16,2023-09-13 15:16,94.5,238.1
33,SELL,PE,19700,2023-10-26,2023-09-11 11:16,2023-10-11 15:16,144.8,105.6
33,BUY,PE,19500,2023-10-26,2023-09-11 11:16,2023-10-11 15:16,105.6,58.9
33,SELL,CE,20300,2023-10-26,2023-09-11 11:16,2023-10-11 15:16,171.0,21.6
33,BUY,CE,20500,2023-10-26,2023-09-11 11:16,2023-10-11 15:16,99.5,9.2
34,SELL,PE,19500,2023-11-30,2023-10-16 11:16,2023-11-15 15:16,152.1,63.6
34,BUY,PE,19300,2023-11-30,2023-10-16 11:16,2023-11-15 15:16,107.2,31.9
34,SELL,CE,20200,2023-11-30,2023-10-16 11:16,2023-11-15 15:16,136.3,14.6
34,BUY,CE,20400,2023-11-30,2023-10-16 11:16,2023-11-15 15:16,78.2,5.3
35,SELL,PE,19200,2023-12-28,2023-11-13 11:16,2023-12-12 15:16,143.7,6.7
35,BUY,PE,19000,2023-12-28,2023-11-13 11:16,2023-12-12 15:16,103.2,6.6
35,SELL,CE,19900,2023-12-28,2023-11-13 11:16,2023-12-12 15:16,136.9,1144.5
35,BUY,CE,20100,2023-12-28,2023-11-13 11:16,2023-12-12 15:16,78.6,934.8
36,BUY,PE,20550,2024-01-25,2023-12-11 11:16,2024-01-10 15:16,130.0,13.2
36,SELL,CE,21600,2024-01-25,2023-12-11 11:16,2024-01-10 15:16,172.0,274.4
36,BUY,CE,21800,2024-01-25,2023-12-11 11:16,2024-01-10 15:16,117.8,166.8
36,SELL,PE,20750,2024-01-25,2023-12-11 11:16,2024-01-10 15:16,177.8,19.7
37,BUY,PE,21400,2024-02-29,2024-01-15 11:16,2024-02-14 15:16,141.9,86.2
37,SELL,CE,22750,2024-02-29,2024-01-15 11:16,2024-02-14 15:16,174.1,22.1
37,BUY,CE,22950,2024-02-29,2024-01-15 11:16,2024-02-14 15:16,121.5,13.7
37,SELL,PE,21600,2024-02-29,2024-01-15 11:16,2024-02-14 15:16,188.0,137.0
38,BUY,PE,21150,2024-03-28,2024-02-12 11:16,2024-03-13 15:16,182.3,30.8
38,SELL,CE,22500,2024-03-28,2024-02-12 11:16,2024-03-13 15:16,211.0,91.0
38,BUY,CE,22700,2024-03-28,2024-02-12 11:16,2024-03-13 15:16,154.7,50.5
38,SELL,PE,21350,2024-03-28,2024-02-12 11:16,2024-03-13 15:16,234.1,49.7
39,BUY,PE,21900,2024-04-25,2024-03-11 11:16,2024-04-03 15:16,175.3,59.7
39,SELL,CE,23200,2024-04-25,2024-03-11 11:16,2024-04-03 15:16,206.6,31.9
39,BUY,CE,23400,2024-04-25,2024-03-11 11:16,2024-04-03 15:16,147.3,14.0
39,SELL,PE,22100,2024-04-25,2024-03-11 11:16,2024-04-03 15:16,228.2,97.2
40,BUY,PE,21900,2024-05-30,2024-04-15 11:16,2024-05-15 15:16,131.6,105.7
40,SELL,CE,23100,2024-05-30,2024-04-15 11:16,2024-05-15 15:16,160.8,21.6
40,BUY,CE,23300,2024-05-30,2024-04-15 11:16,2024-05-15 15:16,104.3,11.9
40,SELL,PE,22100,2024-05-30,2024-04-15 11:16,2024-05-15 15:16,177.1,165.0
41,SELL,PE,21300,2024-06-27,2024-05-13 11:16,2024-06-12 15:16,346.9,7.3
41,BUY,PE,21100,2024-06-27,2024-05-13 11:16,2024-06-12 15:16,295.9,6.2
41,SELL,CE,23000,2024-06-27,2024-05-13 11:16,2024-06-12 15:16,285.2,472.4
41,BUY,CE,23200,2024-06-27,2024-05-13 11:16,2024-06-12 15:16,225.5,335.4
42,BUY,PE,22600,2024-07-25,2024-06-10 11:16,2024-07-10 15:16,207.3,10.7
42,SELL,CE,24100,2024-07-25,2024-06-10 11:16,2024-07-10 15:16,222.1,426.0
42,BUY,CE,24300,2024-07-25,2024-06-10 11:16,2024-07-10 15:16,161.1,308.0
42,SELL,PE,22800,2024-07-25,2024-06-10 11:16,2024-07-10 15:16,255.4,13.5
43,SELL,PE,24100,2024-08-29,2024-07-15 11:16,2024-08-14 15:16,231.0,229.7
43,BUY,PE,23900,2024-08-29,2024-07-15 11:16,2024-08-14 15:16,183.0,162.0
43,SELL,CE,25300,2024-08-29,2024-07-15 11:16,2024-08-14 15:16,207.5,8.8
43,BUY,CE,25500,2024-08-29,2024-07-15 11:16,2024-08-14 15:16,150.0,6.3
44,SELL,PE,24000,2024-09-26,2024-08-12 11:16,2024-09-11 15:16,260.0,43.8
44,BUY,PE,23800,2024-09-26,2024-08-12 11:16,2024-09-11 15:16,211.9,30.2
44,SELL,CE,25200,2024-09-26,2024-08-12 11:16,2024-09-11 15:16,223.5,135.2
44,BUY,CE,25400,2024-09-26,2024-08-12 11:16,2024-09-11 15:16,162.9,74.8
45,BUY,PE,24800,2024-10-31,2024-09-16 11:16,2024-10-16 15:16,179.3,135.1
45,SELL,CE,26050,2024-10-31,2024-09-16 11:16,2024-10-16 15:16,187.4,13.8
45,BUY,CE,26250,2024-10-31,2024-09-16 11:16,2024-10-16 15:16,137.1,9.6
45,SELL,PE,25000,2024-10-31,2024-09-16 11:16,2024-10-16 15:16,226.2,207.0
46,BUY,PE,24500,2024-11-28,2024-10-14 11:16,2024-11-13 15:16,185.1,858.7
46,SELL,CE,26000,2024-11-28,2024-10-14 11:16,2024-11-13 15:16,192.2,6.5
46,BUY,CE,26200,2024-11-28,2024-10-14 11:16,2024-11-13 15:16,132.4,6.0
46,SELL,PE,24700,2024-11-28,2024-10-14 11:16,2024-11-13 15:16,230.2,1068.0
47,SELL,PE,23900,2024-12-26,2024-11-11 11:16,2024-12-11 15:16,214.2,44.0
47,BUY,PE,23700,2024-12-26,2024-11-11 11:16,2024-12-11 15:16,170.0,28.5
47,SELL,CE,25100,2024-12-26,2024-11-11 11:16,2024-12-11 15:16,195.7,100.6
47,BUY,CE,25300,2024-12-26,2024-11-11 11:16,2024-12-11 15:16,137.5,53.2
48,BUY,PE,24000,2025-01-30,2024-12-16 11:16,2025-01-15 15:16,180.0,767.1
48,SELL,CE,25500,2025-01-30,2024-12-16 11:16,2025-01-15 15:16,211.7,4.5
48,BUY,CE,25700,2025-01-30,2024-12-16 11:16,2025-01-15 15:16,155.1,4.4
48,SELL,PE,24200,2025-01-30,2024-12-16 11:16,2025-01-15 15:16,225.3,953.7
49,BUY,PE,22600,2025-02-27,2025-01-13 11:16,2025-02-10 15:16,215.5,49.8
49,SELL,CE,24100,2025-02-27,2025-01-13 11:16,2025-02-10 15:16,245.5,54.9
49,BUY,CE,24300,2025-02-27,2025-01-13 11:16,2025-02-10 15:16,189.0,30.3
49,SELL,PE,22800,2025-02-27,2025-01-13 11:16,2025-02-10 15:16,263.6,76.3
50,SELL,PE,23000,2025-03-27,2025-02-10 11:16,2025-03-12 15:16,227.9,530.5
50,BUY,PE,22800,2025-03-27,2025-02-10 11:16,2025-03-12 15:16,176.1,384.8
50,SELL,CE,24200,2025-03-27,2025-02-10 11:16,2025-03-12 15:16,200.1,3.0
50,BUY,CE,24400,2025-03-27,2025-02-10 11:16,2025-03-12 15:16,146.0,2.6
51,BUY,PE,22000,2025-04-24,2025-03-10 11:16,2025-04-09 15:16,160.3,248.8
51,SELL,CE,23400,2025-04-24,2025-03-10 11:16,2025-04-09 15:16,182.0,76.6
51,BUY,CE,23600,2025-04-24,2025-03-10 11:16,2025-04-09 15:16,129.0,51.1
51,SELL,PE,22200,2025-04-24,2025-03-10 11:16,2025-04-09 15:16,200.6,305.9
52,SELL,PE,22800,2025-05-29,2025-04-15 11:16,2025-05-14 15:16,265.0,19.4
52,BUY,PE,22600,2025-05-29,2025-04-15 11:16,2025-05-14 15:16,223.4,16.6
52,SELL,CE,24100,2025-05-29,2025-04-15 11:16,2025-05-14 15:16,207.2,712.0
52,BUY,CE,24300,2025-05-29,2025-04-15 11:16,2025-05-14 15:16,154.3,557.5
53,BUY,PE,24000,2025-06-26,2025-05-12 11:16,2025-06-11 15:16,239.9,21.4
53,SELL,CE,25550,2025-06-26,2025-05-12 11:16,2025-06-11 15:16,227.2,121.0
53,BUY,CE,25750,2025-06-26,2025-05-12 11:16,2025-06-11 15:16,171.2,67.9
53,SELL,PE,24200,2025-06-26,2025-05-12 11:16,2025-06-11 15:16,276.9,30.3
54,SELL,PE,24400,2025-07-31,2025-06-16 11:16,2025-07-11 15:16,248.2,44.4
54,BUY,PE,24200,2025-07-31,2025-06-16 11:16,2025-07-11 15:16,201.4,29.9
54,SELL,CE,25700,2025-07-31,2025-06-16 11:16,2025-07-11 15:16,228.4,79.4
54,BUY,CE,25900,2025-07-31,2025-06-16 11:16,2025-07-11 15:16,168.8,46.5
55,SELL,PE,24700,2025-08-28,2025-07-14 11:16,2025-08-13 15:16,209.6,194.6
55,BUY,PE,24500,2025-08-28,2025-07-14 11:16,2025-08-13 15:16,164.0,121.2
55,SELL,CE,25800,2025-08-28,2025-07-14 11:16,2025-08-13 15:16,180.8,7.5
55,BUY,CE,26000,2025-08-28,2025-07-14 11:16,2025-08-13 15:16,129.5,5.7
56,SELL,PE,24600,2025-09-30,2025-08-18 11:16,2025-09-10 15:16,182.5,73.8
56,BUY,PE,24400,2025-09-30,2025-08-18 11:16,2025-09-10 15:16,135.8,46.9
56,SELL,CE,25700,2025-09-30,2025-08-18 11:16,2025-09-10 15:16,166.2,33.5
56,BUY,CE,25900,2025-09-30,2025-08-18 11:16,2025-09-10 15:16,115.0,18.2
57,BUY,PE,24600,2025-10-28,2025-09-15 11:16,2025-10-13 15:16,121.8,36.4
57,SELL,CE,25750,2025-10-28,2025-09-15 11:16,2025-10-13 15:16,146.3,46.3
57,BUY,CE,25950,2025-10-28,2025-09-15 11:16,2025-10-13 15:16,98.5,23.1
57,SELL,PE,24800,2025-10-28,2025-09-15 11:16,2025-10-13 15:16,164.8,58.0
58,SELL,PE,24900,2025-11-25,2025-10-13 11:16,2025-11-10 15:16,183.0,33.8
58,BUY,PE,24700,2025-11-25,2025-10-13 11:16,2025-11-10 15:16,137.0,22.6
58,SELL,CE,25900,2025-11-25,2025-10-13 11:16,2025-11-10 15:16,149.7,135.9
58,BUY,CE,26100,2025-11-25,2025-10-13 11:16,2025-11-10 15:16,99.6,76.3
59,SELL,PE,25700,2025-12-30,2025-11-17 11:16,2025-12-12 15:16,188.9,61.5
59,BUY,PE,25500,2025-12-30,2025-11-17 11:16,2025-12-12 15:16,141.3,38.1
59,SELL,CE,26700,2025-12-30,2025-11-17 11:16,2025-12-12 15:16,169.0,31.3
59,BUY,CE,26900,2025-12-30,2025-11-17 11:16,2025-12-12 15:16,116.2,15.7
60,SELL,PE,25700,2026-01-27,2025-12-15 11:16,2026-01-07 15:16,163.1,46.9
60,BUY,PE,25500,2026-01-27,2025-12-15 11:16,2026-01-07 15:16,122.0,28.1
60,SELL,CE,26700,2026-01-27,2025-12-15 11:16,2026-01-07 15:16,150.6,49.0
60,BUY,CE,26900,2026-01-27,2025-12-15 11:16,2026-01-07 15:16,97.8,24.9
61,BUY,PE,25000,2026-02-24,2026-01-12 11:16,2026-02-09 15:16,140.4,36.2
61,SELL,CE,26300,2026-02-24,2026-01-12 11:16,2026-02-09 15:16,187.2,76.3
61,BUY,CE,26500,2026-02-24,2026-01-12 11:16,2026-02-09 15:16,134.6,41.1
61,SELL,PE,25200,2026-02-24,2026-01-12 11:16,2026-02-09 15:16,185.9,48.3
62,BUY,PE,25000,2026-03-30,2026-02-16 11:16,2026-03-13 15:16,162.2,1803.9
62,SELL,CE,26200,2026-03-30,2026-02-16 11:16,2026-03-13 15:16,186.0,8.7
62,BUY,CE,26400,2026-03-30,2026-02-16 11:16,2026-03-13 15:16,129.8,7.8
62,SELL,PE,25200,2026-03-30,2026-02-16 11:16,2026-03-13 15:16,205.1,1994.1
63,BUY,PE,22900,2026-05-26,2026-04-13 11:16,2026-05-11 15:16,298.0,73.3
63,SELL,CE,24700,2026-05-26,2026-04-13 11:16,2026-05-11 15:16,261.8,72.9
63,BUY,CE,24900,2026-05-26,2026-04-13 11:16,2026-05-11 15:16,198.5,46.2
63,SELL,PE,23100,2026-05-26,2026-04-13 11:16,2026-05-11 15:16,343.9,103.8
64,BUY,PE,22600,2026-06-30,2026-05-18 11:16,2026-06-12 15:16,253.8,37.9
64,SELL,CE,24300,2026-06-30,2026-05-18 11:16,2026-06-12 15:16,262.7,75.9
64,BUY,CE,24500,2026-06-30,2026-05-18 11:16,2026-06-12 15:16,200.8,47.3
64,SELL,PE,22800,2026-06-30,2026-05-18 11:16,2026-06-12 15:16,300.0,54.4
65,BUY,PE,23300,2026-07-28,2026-06-15 11:16,2026-07-13 15:16,167.4,40.0
65,SELL,CE,24600,2026-07-28,2026-06-15 11:16,2026-07-13 15:16,210.0,96.2
65,BUY,CE,24800,2026-07-28,2026-06-15 11:16,2026-07-13 15:16,152.3,50.1
65,SELL,PE,23500,2026-07-28,2026-06-15 11:16,2026-07-13 15:16,215.8,58.8
66,BUY,PE,23500,2026-08-25,2026-07-13 11:16,2026-08-10 15:16,166.0,15.1
66,SELL,CE,24800,2026-08-25,2026-07-13 11:16,2026-08-10 15:16,181.5,154.1
66,BUY,CE,25000,2026-08-25,2026-07-13 11:16,2026-08-10 15:16,123.0,87.0
66,SELL,PE,23700,2026-08-25,2026-07-13 11:16,2026-08-10 15:16,214.9,22.7
67,SELL,PE,24000,2026-09-29,2026-08-17 11:16,2026-09-11 15:16,188.1,565.2
67,BUY,PE,23800,2026-09-29,2026-08-17 11:16,2026-09-11 15:16,138.9,410.1
67,SELL,CE,24900,2026-09-29,2026-08-17 11:16,2026-09-11 15:16,156.8,8.6
67,BUY,CE,25100,2026-09-29,2026-08-17 11:16,2026-09-11 15:16,103.3,7.0
