trade_id,entry_date,entry_time,expiry,sell_ce,buy_ce,sell_pe,buy_pe,qty_stockmock,ref_exit_date,ref_exit_reason,ref_pnl_pts,ref_pnl_rs,ref_note
1901,2019-01-14,11:16,2019-02-28,11150,11450,10550,10250,,,,,,"generated; start strikes from NIFTY 10795, VIX 15.3"
1902,2019-02-11,11:16,2019-03-28,11300,11600,10700,10400,,,,,,"generated; start strikes from NIFTY 10944, VIX 15.6"
1903,2019-03-11,11:16,2019-04-25,11400,11700,10800,10500,,,,,,"generated; start strikes from NIFTY 11035, VIX 14.9"
1904,2019-04-15,11:16,2019-05-30,12150,12450,11250,10950,,,,,,"generated; start strikes from NIFTY 11643, VIX 21.0"
1905,2019-05-13,11:16,2019-06-27,11900,12200,10800,10500,,,,,,"generated; start strikes from NIFTY 11279, VIX 26.3"
1906,2019-06-10,11:16,2019-07-25,12250,12550,11600,11300,,,,,,"generated; start strikes from NIFTY 11871, VIX 14.9"
1907,2019-07-15,11:16,2019-08-29,11850,12150,11350,11050,,,,,,"generated; start strikes from NIFTY 11552, VIX 12.0"
1908,2019-08-13,11:16,2019-09-26,11500,11800,10850,10550,,,,,,"generated; start strikes from NIFTY 11110, VIX 15.8"
1909,2019-09-16,11:16,2019-10-31,11450,11750,10850,10550,,,,,,"generated; start strikes from NIFTY 11076, VIX 14.1"
1910,2019-10-14,11:16,2019-11-28,11700,12000,11000,10700,,,,,,"generated; start strikes from NIFTY 11305, VIX 17.1"
1911,2019-11-11,11:16,2019-12-26,12300,12600,11650,11350,,,,,,"generated; start strikes from NIFTY 11908, VIX 15.9"
1912,2019-12-16,11:16,2020-01-30,12450,12750,11850,11550,,,,,,"generated; start strikes from NIFTY 12087, VIX 13.3"
2001,2020-01-13,11:16,2020-02-27,12650,12950,12000,11700,,,,,,"generated; start strikes from NIFTY 12257, VIX 14.1"
2002,2020-02-10,11:16,2020-03-26,12450,12750,11850,11550,,,,,,"generated; start strikes from NIFTY 12098, VIX 13.8"
2003,2020-03-16,11:16,2020-04-30,11000,11300,9200,8900,,,,,,"generated; start strikes from NIFTY 9955, VIX 51.5"
2004,2020-04-13,11:16,2020-05-28,10050,10350,8450,8150,,,,,,"generated; start strikes from NIFTY 9112, VIX 49.8"
2005,2020-05-11,11:16,2020-06-25,9950,10250,8700,8400,,,,,,"generated; start strikes from NIFTY 9252, VIX 38.4"
2006,2020-06-15,11:16,2020-07-30,10600,10900,9500,9200,,,,,,"generated; start strikes from NIFTY 9973, VIX 30.8"
2007,2020-07-13,11:16,2020-08-27,11300,11600,10350,10050,,,,,,"generated; start strikes from NIFTY 10768, VIX 24.9"
2008,2020-08-10,11:16,2020-09-24,11750,12050,10800,10500,,,,,,"generated; start strikes from NIFTY 11214, VIX 22.6"
2009,2020-09-14,11:16,2020-10-29,11950,12250,11100,10800,,,,,,"generated; start strikes from NIFTY 11455, VIX 20.7"
2010,2020-10-12,11:16,2020-11-26,12450,12750,11550,11250,,,,,,"generated; start strikes from NIFTY 11936, VIX 20.6"
2011,2020-11-17,11:16,2020-12-31,13300,13600,12400,12100,,,,,,"generated; start strikes from NIFTY 12780, VIX 19.1"
2012,2020-12-14,11:16,2021-01-28,14050,14350,13100,12800,,,,,,"generated; start strikes from NIFTY 13504, VIX 18.8"
